,0
2,POINT (-79.4272866628539 43.87819312501162)
12,POINT (-79.41911599817678 43.84193031329616)
26,POINT (-79.39477309175474 43.89151585165683)
27,POINT (-79.39927715677746 43.88403804574861)
28,POINT (-79.41067964643841 43.88293090984639)
32,POINT (-79.45728290040043 43.90082623974006)
48,POINT (-79.45590017499342 43.89158087217356)
95,POINT (-79.48786228836772 44.02640165858153)
108,POINT (-79.48932435175951 44.03769299000029)
117,POINT (-79.69542729604409 43.56241774107431)
126,POINT (-79.78059163697425 43.57570145011731)
127,POINT (-79.62161811183425 43.58080749467602)
128,POINT (-79.62985810096329 43.57350932057112)
130,POINT (-79.09096793002075 43.83445910627647)
132,POINT (-79.07197364625267 43.84344261148258)
135,POINT (-79.44949228085731 44.03422991687156)
136,POINT (-79.42616405446273 44.03992725742355)
137,POINT (-79.78962088845836 43.69462564238022)
138,POINT (-79.77592785294387 43.68529018162025)
139,POINT (-79.75983743850158 43.74252764146492)
140,POINT (-79.75362093321424 43.74642852054983)
141,POINT (-79.72424288419577 43.87919126910149)
142,POINT (-79.71031266464686 43.86468884966047)
143,POINT (-79.83810835997589 43.79643098480425)
144,POINT (-79.90244534679996 43.73788175487634)
145,POINT (-79.70674377471833 43.56885561259935)
160,POINT (-79.46825351442611 43.94494382679591)
166,POINT (-79.47051899179925 43.95463758263921)
167,POINT (-79.44444973762796 43.95456426805557)
170,POINT (-79.66599317631903 43.62517882769711)
171,POINT (-79.62843250016617 43.63979344279324)
172,POINT (-79.6329722735766 43.7218041330377)
173,POINT (-79.62912017789216 43.71862912206176)
177,POINT (-79.70231017880116 43.61614554890814)
178,POINT (-79.71485171427169 43.60653333226457)
193,POINT (-79.49230803816286 44.04671016883165)
205,POINT (-79.51563886746501 43.84526215295132)
208,POINT (-79.55478750382301 43.79295267912742)
282,POINT (-79.55079357287833 43.80056513196937)
285,POINT (-79.51220974789345 43.80715392700689)
295,POINT (-79.48792560835294 43.83581301742697)
453,POINT (-79.391439021821 43.69745607299632)
499,POINT (-79.61108452949027 43.80648486446715)
500,POINT (-79.59279679803198 43.80490972941328)
506,POINT (-79.53409025049429 43.858038706103)
536,POINT (-79.23026044311683 43.78153001366151)
538,POINT (-79.26838404926964 43.79914925708084)
539,POINT (-79.25395189993483 43.80409959610132)
552,POINT (-79.24815148961459 43.77770666577901)
642,POINT (-79.26020318404629 43.84826694808823)
643,POINT (-79.25933045445038 43.83837727265376)
644,POINT (-79.29788056550318 43.83950666238677)
670,POINT (-79.24322639364061 43.86282283975497)
682,POINT (-79.41579818778723 43.64207378388206)
684,POINT (-79.4072102058463 43.64322176047876)
685,POINT (-79.24669791231064 43.87209443667863)
702,POINT (-79.74086053904061 43.64503639025084)
703,POINT (-79.76618020054205 43.62461831647393)
726,POINT (-79.37119401390484 43.87565743401809)
728,POINT (-79.32879194612171 43.8858156925278)
736,POINT (-79.78974027697181 43.68084605729111)
737,POINT (-79.75684277653939 43.61322997666055)
738,POINT (-79.72814339888353 43.61859577373575)
739,POINT (-79.5650004328278 43.81507925221118)
740,POINT (-79.74801221899571 43.75140321587411)
744,POINT (-79.73461227932248 43.76261203362905)
745,POINT (-79.65491605714146 43.67093254937712)
747,POINT (-79.69099115478873 43.6039631308937)
748,POINT (-79.67711026665715 43.59339742643137)
769,POINT (-79.30247306235351 43.88727524802638)
775,POINT (-79.03123041254645 43.87385233615129)
776,POINT (-79.04544519998829 43.86904461017576)
808,POINT (-79.05890500851055 43.8944615618963)
882,POINT (-79.77547113248708 43.42199922111127)
891,POINT (-79.47542132626805 43.84019650228835)
898,POINT (-79.52133387903498 43.71189584011415)
900,POINT (-79.48495712991455 43.71454322611333)
901,POINT (-79.47541725494445 43.71689843144305)
902,POINT (-79.45878529144866 43.72038938600526)
939,POINT (-79.87106916545213 43.63840681459625)
946,POINT (-79.47888191835938 43.7029360864505)
949,POINT (-79.54154665751109 43.70145572308619)
951,POINT (-79.22088371723348 43.73649841561364)
952,POINT (-79.22731760646491 43.72780105391296)
953,POINT (-79.16368083284037 43.76805028674481)
954,POINT (-79.55653830126727 44.12146345994748)
956,POINT (-79.26551719095494 43.69194212332297)
957,POINT (-79.30683946373803 43.76211262486243)
958,POINT (-79.31310854330857 43.75845400348178)
962,POINT (-79.38515173880243 43.63895185408771)
963,POINT (-79.73129241805003 43.5549195999758)
975,POINT (-79.22368336766586 43.76914885781905)
976,POINT (-79.23521396863671 43.76207900192602)
980,POINT (-79.65188081593911 43.5145989241166)
981,POINT (-79.63731026499516 43.5218581860152)
983,POINT (-79.59762174250005 43.55934192440979)
984,POINT (-79.58759005998829 43.5673715841458)
990,POINT (-79.46216873334393 43.83720441410899)
991,POINT (-79.77304057197 44.07486644199982)
993,POINT (-79.60616294491344 43.60418015411228)
994,POINT (-79.60331286389467 43.61501219464017)
1001,POINT (-79.43060635903835 43.98820162286049)
1003,POINT (-79.71018769023699 43.80718033162637)
1004,POINT (-79.44594531531995 43.73771638747687)
1005,POINT (-79.46589138917913 43.73139751237279)
1007,POINT (-79.57999648362798 43.57481816085377)
1009,POINT (-79.57873745743586 43.60181727789251)
1012,POINT (-79.42869193316834 43.74759785158908)
1013,POINT (-79.40080771042598 43.76096274684447)
1015,POINT (-79.65930239108198 43.55448999613442)
1016,POINT (-79.65012894167683 43.55748178259236)
1017,POINT (-79.66046037303326 43.56394961125589)
1019,POINT (-79.57303152682969 43.82720630751957)
1020,POINT (-79.5372638592454 43.74183666687316)
1023,POINT (-79.43017258166005 43.78040574483961)
1024,POINT (-79.42773544768338 43.78827735003227)
1026,POINT (-79.52006878803884 43.7268364456398)
1027,POINT (-79.53574722999474 43.72355704960918)
1029,POINT (-79.49017494628369 43.73796883261529)
1030,POINT (-79.34618065898835 43.78198617418004)
1033,POINT (-79.23762339062344 43.71195943445559)
1035,POINT (-79.44613490653137 43.76878206081635)
1036,POINT (-79.75904015695954 43.47630837061987)
1037,POINT (-79.27848174115331 43.68276067275739)
1041,POINT (-79.45707334125527 43.67067997236686)
1042,POINT (-79.44184088427933 43.67071458597311)
1043,POINT (-79.44780225337325 43.67435836670228)
1044,POINT (-79.45470600039846 43.67920060022744)
1045,POINT (-79.44738304570024 43.68066187130205)
1046,POINT (-79.43849338613434 43.67654545894526)
1047,POINT (-79.42952618999111 43.67799293165442)
1048,POINT (-79.42842176269372 43.67304021616967)
1049,POINT (-79.42020687185635 43.67805539567129)
1050,POINT (-79.40611800424276 43.67721964643624)
1055,POINT (-79.24275937547417 43.72412907822208)
1056,POINT (-79.25759422266155 43.70667905925019)
1059,POINT (-79.78754230508548 43.5795490540187)
1062,POINT (-79.28773865548868 43.70495603453585)
1064,POINT (-79.27324884853988 43.70677700282649)
1065,POINT (-79.26363539180599 43.71113592207956)
1066,POINT (-79.27181303919384 43.92590747010066)
1080,POINT (-79.39692571517247 43.68527183624736)
1081,POINT (-79.39960753658443 43.6916927767675)
1082,POINT (-79.39719800169075 43.69442325159424)
1083,POINT (-79.390338215466 43.68673978846198)
1084,POINT (-79.38101099433661 43.68991566116553)
1085,POINT (-79.38277590386708 43.69816463801449)
1086,POINT (-79.38254692962391 43.70674263493111)
1089,POINT (-79.43293888338556 43.70315414144831)
1090,POINT (-79.42150755497912 43.70576103990577)
1091,POINT (-79.4133655075297 43.70702411391864)
1092,POINT (-79.6878072749016 43.71129667308392)
1093,POINT (-79.69595975433847 43.69975929804095)
1097,POINT (-79.76044933953409 43.68572395986441)
1105,POINT (-79.65749652540674 43.46900360224989)
1106,POINT (-79.67109254000343 43.45722115691814)
1107,POINT (-79.680094582804 43.44772999517244)
1108,POINT (-79.66551536878016 43.44726339633529)
1109,POINT (-79.33538298184997 43.64724310158087)
1110,POINT (-79.38167343559545 43.62313686593851)
1116,POINT (-79.72463717044801 43.40929433697956)
1119,POINT (-79.41808801346845 43.64719141399196)
1120,POINT (-79.42636390756299 43.6453988272257)
1121,POINT (-79.43017278442801 43.6511998426983)
1122,POINT (-79.43492978752221 43.64749688854057)
1124,POINT (-79.4448186490588 43.64259257838796)
1125,POINT (-79.4510993236776 43.64224793895451)
1127,POINT (-79.46108972554664 43.66464063690233)
1128,POINT (-79.46788624337741 43.66410823297578)
1131,POINT (-79.36641464546031 43.90753039674239)
1133,POINT (-79.40499406691731 43.65975184292972)
1134,POINT (-79.4066460163353 43.66409492833215)
1135,POINT (-79.39742285456595 43.66324189601723)
1138,POINT (-79.67982208993429 43.43332175099524)
1139,POINT (-79.69281232339429 43.4397929136114)
1140,POINT (-79.70675087840901 43.42799994965466)
1141,POINT (-79.70829242819453 43.41812110384855)
1142,POINT (-79.69436366166245 43.41404195172385)
1143,POINT (-79.35964381551894 43.64943111496975)
1145,POINT (-79.47332033530415 43.82978828586044)
1146,POINT (-79.33043028501967 43.66680142649475)
1147,POINT (-79.34993242362009 43.662739649199)
1148,POINT (-79.36005763354279 43.65867911575211)
1149,POINT (-79.11960278533454 43.95525247391813)
1150,POINT (-79.47343603013289 43.65672836668859)
1151,POINT (-79.48227770040141 43.65484446446698)
1152,POINT (-79.47706052183145 43.66403090029952)
1153,POINT (-79.47241691463418 43.67137196813755)
1154,POINT (-79.46345365389901 43.67733548143043)
1158,POINT (-79.41189173269561 43.68048557819041)
1159,POINT (-79.40592380256119 43.68522822369221)
1160,POINT (-79.39558230704631 43.68131940944641)
1161,POINT (-79.36863303244112 43.7320656592472)
1163,POINT (-79.11724630637882 43.89111329720946)
1164,POINT (-79.35623056836616 43.67411266877294)
1165,POINT (-79.34758022178414 43.67514174836271)
1167,POINT (-79.33401861630817 43.67124767640107)
1168,POINT (-79.32443171375994 43.67430580280119)
1169,POINT (-79.3269505203052 43.67945457686687)
1170,POINT (-79.31762719607637 43.6822508787026)
1172,POINT (-79.03038920473332 43.84640522354727)
1173,POINT (-79.02411441014979 43.85723829010368)
1174,POINT (-79.32875203687722 43.68422185209017)
1175,POINT (-79.33938749345955 43.68202903825328)
1176,POINT (-79.3501992062655 43.68069465799316)
1177,POINT (-79.35884347902837 43.67898888884272)
1178,POINT (-79.40465687166207 43.70908246499246)
1180,POINT (-79.39026508037064 43.71375155459813)
1181,POINT (-79.39529560326787 43.72210947516194)
1182,POINT (-79.41655491577846 43.71413214454131)
1192,POINT (-79.45076660165923 43.63526686988173)
1193,POINT (-79.43979228862067 43.63746250694556)
1194,POINT (-79.4304979609775 43.63991158083461)
1195,POINT (-79.4333303955359 43.63591096119649)
1197,POINT (-79.41862843060292 43.64319928713166)
1198,POINT (-79.40277357942306 43.70135296293419)
1199,POINT (-79.41038323599921 43.69593688502827)
1200,POINT (-79.41888918121388 43.69417379526386)
1201,POINT (-79.36630120000308 43.74372805706312)
1202,POINT (-79.34865630668328 43.74479399485699)
1217,POINT (-79.45451112523159 43.65056684548262)
1218,POINT (-79.44811196651834 43.65093899351287)
1220,POINT (-79.39461345865155 43.64584448424186)
1221,POINT (-79.3821473013479 43.64858635240007)
1222,POINT (-79.37538107380284 43.6505875222913)
1223,POINT (-79.36388372380702 43.65375168508987)
1224,POINT (-79.37757537751615 43.66925535371108)
1225,POINT (-79.37308869408703 43.66527119290536)
1226,POINT (-79.36510431646589 43.6704107915458)
1227,POINT (-79.36224379732647 43.66523296732564)
1228,POINT (-79.35059920927945 43.66921909889036)
1237,POINT (-79.34629531811511 43.65824153635475)
1238,POINT (-79.33475744649378 43.66082419068939)
1239,POINT (-79.31560670107099 43.66396441120565)
1245,POINT (-79.42652359089668 43.68535769837198)
1246,POINT (-79.36113748736356 43.66190239183417)
1247,POINT (-79.37138813379345 43.66085144612585)
1248,POINT (-79.36952200288998 43.65654476130735)
1249,POINT (-79.38495209317001 43.65610866787856)
1250,POINT (-79.39246894766855 43.65183945098774)
1251,POINT (-79.39429611909419 43.65636901346038)
1252,POINT (-79.40279171213793 43.65476440955184)
1253,POINT (-79.4419637575709 43.65441589026992)
1254,POINT (-79.43278547403922 43.65640866150252)
1255,POINT (-79.42604582291074 43.65779548987307)
1256,POINT (-79.42071074478839 43.65885744559518)
1257,POINT (-79.41431362398599 43.66251216473142)
1258,POINT (-79.41265190312244 43.65817512640149)
1261,POINT (-79.53433583719755 43.65656558723889)
1264,POINT (-79.52740077167537 43.6683004282005)
1265,POINT (-79.37841477493274 43.72168119991179)
1266,POINT (-79.39184576851697 43.73860923252633)
1267,POINT (-79.27514173290248 43.7460874268405)
1268,POINT (-79.29364618124123 43.66935981846403)
1269,POINT (-79.28658263254729 43.67643053248087)
1270,POINT (-79.29509686905578 43.6755804830501)
1271,POINT (-79.30469841820307 43.67223446880573)
1272,POINT (-79.31374330505311 43.67138075416138)
1273,POINT (-79.32254410167464 43.66733722828465)
1274,POINT (-79.50659323478442 43.60552943184749)
1275,POINT (-79.31515312635625 43.67731896500909)
1276,POINT (-79.30476984617013 43.68053171910482)
1277,POINT (-79.29250267309942 43.68396431704893)
1278,POINT (-79.40114449073101 43.65010800850961)
1279,POINT (-79.40873574630001 43.64899313943452)
1280,POINT (-79.41079258976731 43.65357417932986)
1281,POINT (-79.42011731034647 43.65220981498251)
1282,POINT (-79.50188478169021 43.62809681281252)
1283,POINT (-79.37370282720315 43.68376626645171)
1284,POINT (-79.3784229095069 43.67713534992242)
1285,POINT (-79.38396136759637 43.67255479101807)
1286,POINT (-79.39206716134753 43.6718516360999)
1287,POINT (-79.31244298274585 43.72072399102858)
1290,POINT (-79.63071862475886 43.86343359171727)
1291,POINT (-79.25846658973566 43.72197770732824)
1293,POINT (-79.27945937619985 43.72103915474604)
1294,POINT (-79.29179395137145 43.71831148026813)
1295,POINT (-79.30364138117079 43.73394932583177)
1297,POINT (-79.24627466861428 43.75025592654455)
1299,POINT (-79.22916322788531 43.75198100368265)
1301,POINT (-79.39734925914205 43.73093822844449)
1302,POINT (-79.49290273056909 43.65439583666693)
1304,POINT (-79.31915067898379 43.68625953773341)
1308,POINT (-79.39274497495191 43.67683425784455)
1310,POINT (-79.40927507788442 43.67030763701478)
1311,POINT (-79.41654153573705 43.66875362098678)
1312,POINT (-79.52647507407718 43.69650938602309)
1313,POINT (-79.41329581146576 43.74173450069408)
1315,POINT (-79.42293524736864 43.71601638534224)
1316,POINT (-79.43511028709985 43.7125624341664)
1325,POINT (-79.38740584321019 43.64197160314882)
1326,POINT (-79.50122731644819 43.66254140752347)
1327,POINT (-79.48861386597474 43.6630594362294)
1328,POINT (-79.49120133274761 43.66888813793294)
1329,POINT (-79.31312413298701 43.71211846840752)
1330,POINT (-79.32604616613777 43.70614282530204)
1332,POINT (-79.49061363305532 43.61747577362618)
1333,POINT (-79.49302181118064 43.60905890670826)
1334,POINT (-79.49766532013007 43.60827412479872)
1336,POINT (-79.18871966868504 43.77317980620584)
1337,POINT (-79.50384168079439 43.67430952835567)
1338,POINT (-79.48007538599049 43.677394749304)
1339,POINT (-79.86454569026813 43.53501044660064)
1340,POINT (-79.49129049139501 43.68442018795615)
1341,POINT (-79.47722177838783 43.68547071107609)
1342,POINT (-79.26491082539198 43.76548831996139)
1344,POINT (-79.29749027751409 43.75548471772505)
1345,POINT (-79.42835056109355 43.69590110646023)
1346,POINT (-79.44001705252275 43.69447279719668)
1347,POINT (-79.45875992125123 43.6976656718509)
1348,POINT (-79.47031510157903 43.69498161941249)
1349,POINT (-79.48377953063509 43.69236676812218)
1350,POINT (-79.49588752069864 43.68901305989697)
1352,POINT (-79.36443578705341 43.69385560734985)
1353,POINT (-79.33591238021928 43.6972514032101)
1354,POINT (-79.3238996527115 43.69798591218285)
1355,POINT (-79.30749035043969 43.70113096306582)
1356,POINT (-79.30356333397832 43.71081315524871)
1357,POINT (-79.50473952756252 43.59790015755614)
1358,POINT (-79.51511516623214 43.59388994739975)
1359,POINT (-79.51858682384129 43.60154314894165)
1360,POINT (-79.54105600140463 43.66980446352156)
1361,POINT (-79.55313468087925 43.66712988518798)
1362,POINT (-79.56522711598642 43.66449963482336)
1365,POINT (-79.56798657106681 43.83141584325831)
1367,POINT (-79.45898368127108 43.68767666429425)
1368,POINT (-79.45178912910968 43.68936740200437)
1369,POINT (-79.44435340567807 43.69032096047868)
1370,POINT (-79.44067866982496 43.68296774446914)
1371,POINT (-79.43470400326201 43.68562765329791)
1372,POINT (-79.80880295285225 43.68074864115199)
1373,POINT (-79.49809677444664 43.61902799773227)
1374,POINT (-79.53706776824239 43.60658791360869)
1375,POINT (-79.50602520438197 43.68933580078578)
1376,POINT (-79.51258647002012 43.70534907556851)
1377,POINT (-79.29689824400204 43.69301292150536)
1379,POINT (-79.32108019433174 43.69162015818097)
1380,POINT (-79.60378761647512 43.58432782990607)
1381,POINT (-79.4976617986631 43.63972122361511)
1382,POINT (-79.48616284310827 43.63678806951588)
1383,POINT (-79.50935017050324 43.64425552309746)
1384,POINT (-79.51853381363331 43.65173044600972)
1385,POINT (-79.50873975689909 43.65120867588374)
1386,POINT (-79.50249748590059 43.65569578895568)
1387,POINT (-79.51126319951075 43.65649869367201)
1389,POINT (-79.29118896677885 43.73663475490586)
1391,POINT (-79.18881572969427 43.75185978986887)
1393,POINT (-79.58650910055661 44.11629271262203)
1396,POINT (-79.55023302350807 43.60177851581942)
1397,POINT (-79.5243983437397 43.63126753395107)
1398,POINT (-79.47073879468995 43.74356186394375)
1400,POINT (-79.51486477880258 43.63798569685303)
1401,POINT (-79.56806312691558 43.63043788501801)
1404,POINT (-79.51548798797234 43.6923249398121)
1405,POINT (-79.56355540346112 43.71917132288222)
1406,POINT (-79.5697523570829 43.72975156550486)
1408,POINT (-79.56959412070223 43.85254177511104)
1409,POINT (-79.70817944556816 43.55179921836851)
1410,POINT (-79.72285798631565 43.5392322193758)
1411,POINT (-79.79539797918508 43.58953647131553)
1436,POINT (-79.27708906283073 43.95765264402046)
1494,POINT (-79.37047519821922 43.78305845701577)
1495,POINT (-79.35077337760502 43.77653280757819)
1496,POINT (-79.0179510257761 43.90560869918295)
1497,POINT (-79.49433126821562 43.75712820383978)
1498,POINT (-79.50317204958665 43.75417909580188)
1505,POINT (-79.83172667821749 43.699498282637)
1515,POINT (-79.4238598861714 43.66725010406292)
1516,POINT (-79.42932225990303 43.66607976186053)
1518,POINT (-79.45149846512456 43.66284453837848)
1519,POINT (-79.45703719243785 43.65888822305691)
1604,POINT (-79.7683069208618 43.76928881448258)
1609,POINT (-79.75750369343946 43.76657614597453)
1610,POINT (-79.70000737645179 43.77538976665841)
1612,POINT (-79.68931645533597 43.76458498345851)
1613,POINT (-79.77608096495965 43.76084529187631)
1643,POINT (-79.74191073964562 43.5632036941624)
1644,POINT (-79.40673347963583 43.77119653648665)
1646,POINT (-79.75176961766886 43.55505125959029)
1647,POINT (-79.717218457169 43.56216318996399)
1648,POINT (-79.72290923239932 43.55749999960425)
1649,POINT (-79.63336263731831 43.58983829150155)
1650,POINT (-79.6384708193399 43.5868493834592)
1651,POINT (-79.63653196574487 43.61546144860148)
1652,POINT (-79.64475069947281 43.60862076722028)
1653,POINT (-79.7045007788882 43.59921666752962)
1659,POINT (-79.27486685128116 43.97483227122358)
1702,POINT (-79.73003029658098 43.7078361489344)
1710,POINT (-79.37762327214611 43.65642787929195)
1715,POINT (-79.76842191739685 43.66627357618678)
1716,POINT (-79.77317810685662 43.66249098641281)
1717,POINT (-79.79524578775268 43.68998878502419)
1721,POINT (-79.80585768462572 43.72388993506481)
1722,POINT (-79.81368527590861 43.71647708430226)
1731,POINT (-79.81227921977995 43.69278892849344)
1735,POINT (-79.42218036103496 43.75892188078289)
1738,POINT (-79.41276431387902 43.76346171010938)
1752,POINT (-79.67964866709985 43.74347509015632)
1753,POINT (-79.82628730638366 43.68994941544736)
1754,POINT (-79.82025943432103 43.68242548918126)
1755,POINT (-79.80893805159238 43.6987978726377)
1759,POINT (-79.39653666512184 43.6388432492647)
1764,POINT (-79.37947737465625 43.66076121816642)
1772,POINT (-79.38323385950977 43.77125089926373)
1777,POINT (-79.37321131813444 43.76757431366132)
1778,POINT (-79.41220336545751 43.77054099002883)
1779,POINT (-79.41030005798835 43.76472813255833)
1780,POINT (-79.41339964680706 43.77851570315195)
1781,POINT (-79.41241369174163 43.77557148030661)
1782,POINT (-79.25793087245455 43.77569263538863)
1783,POINT (-79.25327377589565 43.76277464097517)
1791,POINT (-79.75600164967085 43.72292179661466)
1800,POINT (-79.23383890976878 43.96993831639896)
1802,POINT (-79.69545198982351 43.59545420287326)
1812,POINT (-79.72013090086753 43.64247767657307)
1817,POINT (-79.73273083672622 43.63295318329033)
1818,POINT (-79.37615550683566 43.64561709263089)
1819,POINT (-79.70692623782348 43.69069041316552)
1820,POINT (-79.75090928966317 43.72746797995967)
1823,POINT (-79.23719849040174 43.96225247534938)
1837,POINT (-79.8006862764243 43.68583871898564)
1838,POINT (-79.82323555947838 43.73417771225126)
1839,POINT (-79.82469194452337 43.72479662166217)
1884,POINT (-79.72992366452924 43.54264849625976)
1885,POINT (-79.83803314816534 43.69534340203928)
1888,POINT (-79.37459685658349 43.64231990276997)
1939,POINT (-79.42760815083729 44.02043339804872)
1950,POINT (-79.49382561890334 43.74784045141347)
1951,POINT (-79.00814503741023 43.87847842296958)
1956,POINT (-79.52740291999285 43.76474878397516)
1957,POINT (-79.03661418461817 43.8901328920502)
1958,POINT (-79.82097723183428 43.70500042027284)
1960,POINT (-79.4667052661882 44.01207559321132)
1962,POINT (-79.45469104725164 44.01431364133369)
1971,POINT (-79.31276246254133 43.89403728935172)
1973,POINT (-79.50961774740796 43.75469994454092)
1974,POINT (-79.52221161999724 43.74449559171761)
1975,POINT (-79.57557197560726 43.75541049112955)
1976,POINT (-79.56470675783409 43.75018072621905)
1980,POINT (-79.37442161339109 43.79626002408016)
1981,POINT (-79.36350560187839 43.79867249277696)
1982,POINT (-79.34622228624472 43.80366575305167)
1983,POINT (-79.32456377103709 43.78494805971447)
1984,POINT (-79.30990405942065 43.82866620176089)
1987,POINT (-79.30461982436181 43.78423693127349)
1988,POINT (-79.2975488609184 43.79694176037139)
1989,POINT (-79.3038217957283 43.80455602476093)
1990,POINT (-79.25216689363435 43.89078671903974)
1991,POINT (-79.35826718595871 43.8199093992413)
1992,POINT (-79.40902901363833 43.80466438944109)
1993,POINT (-79.41144403413591 43.82021738404041)
2003,POINT (-79.27173146093821 43.83918907797528)
2004,POINT (-79.27197251313613 43.83403608871782)
2005,POINT (-79.31789958144685 43.84641173849746)
2006,POINT (-79.75322360118902 43.77946405673213)
2007,POINT (-79.74989830522945 43.77140858943812)
2009,POINT (-79.28472739085458 43.83360889621856)
2010,POINT (-79.27894167137556 43.83571305348143)
2011,POINT (-79.29418189487028 43.85883887311009)
2019,POINT (-79.29314060981386 43.85000659530225)
2022,POINT (-79.37047284790944 43.8392203836155)
2023,POINT (-79.37847250174156 43.83153565535802)
2034,POINT (-79.3000608535292 43.89768970531675)
2041,POINT (-79.27957157801882 43.90225707578295)
2048,POINT (-79.2540507133713 43.90752623297519)
2049,POINT (-79.25379883913256 43.89827289773676)
2066,POINT (-79.429764931471 43.88724437461176)
2076,POINT (-79.7357066453374 43.45145755438853)
2078,POINT (-79.74291021441982 43.44422663334205)
2079,POINT (-79.77253543926184 43.75203854544822)
2082,POINT (-79.67743399246167 43.79682667187466)
2083,POINT (-79.67052974124022 43.78844978866451)
2087,POINT (-79.66383182968721 43.77927009774729)
2091,POINT (-79.68735955275551 43.78180350452868)
2096,POINT (-79.67486357694727 43.77146503051077)
2097,POINT (-79.6594606256126 43.7695474071684)
2164,POINT (-79.74918548813555 43.45273777627915)
2200,POINT (-79.32878099400951 43.71196733954979)
2201,POINT (-79.73781994506744 43.77935084991478)
2253,POINT (-79.27772287331015 43.89310859864403)
2256,POINT (-79.76803468725633 43.71508838193781)
2259,POINT (-79.62099270928346 43.82508540368411)
2260,POINT (-79.61563264449823 43.81660714680787)
2261,POINT (-79.23561011631242 43.9813507085894)
2263,POINT (-79.29471220183034 43.78981233038835)
2264,POINT (-79.29373108121713 43.78359372685765)
2267,POINT (-79.57056960175562 43.68016051628599)
2268,POINT (-79.56253116333016 43.6886565854573)
2269,POINT (-79.55904823699009 43.68019671977564)
2292,POINT (-79.59476471664141 43.75596748951478)
2299,POINT (-79.35348610784064 43.77033399011894)
2300,POINT (-79.72403950998709 43.77188622729223)
2301,POINT (-79.35366026151959 43.78278470340332)
2302,POINT (-79.35983209368034 43.77857214109044)
2305,POINT (-79.82810153437995 43.70846150982101)
2327,POINT (-79.3141059432799 43.78082782422457)
2335,POINT (-79.51552730713942 43.8596783554805)
2385,POINT (-79.40322463098617 43.78638038419393)
2412,POINT (-79.0387113380133 43.85393917175941)
2455,POINT (-79.24745443271614 43.74141146357323)
2457,POINT (-79.24248072903586 43.74278587285066)
2459,POINT (-79.25045907648371 43.70767488009187)
2477,POINT (-79.43891826130631 43.92761503922119)
2488,POINT (-79.46869827856393 44.0693494042061)
2510,POINT (-79.5253523041717 43.8365416697134)
2514,POINT (-79.20906692546235 43.88161546009571)
2525,POINT (-79.7194463718279 43.4809851477419)
2528,POINT (-79.49686633553924 44.05688457088118)
2529,POINT (-79.49107295872523 44.06422082702181)
2531,POINT (-79.71337813114036 43.47340041392525)
2532,POINT (-79.51366176392666 43.89245396211921)
2533,POINT (-79.47733175387171 43.87254510877376)
2534,POINT (-79.20205014795148 43.86340801918366)
2545,POINT (-79.03748304006523 43.88201358191524)
2551,POINT (-79.33884658079997 43.71748082555606)
2554,POINT (-79.49365364716731 43.85053003982192)
2555,POINT (-79.47303945362428 43.85435165087355)
2557,POINT (-79.230251484749 43.88923312872543)
2558,POINT (-79.20798794347816 43.89438368198709)
2563,POINT (-79.79247184030493 43.660877429625)
2565,POINT (-79.80480388064539 43.6385604197783)
2575,POINT (-79.46580915943444 43.93011306351962)
2578,POINT (-79.46057865482298 43.91241546470128)
2585,POINT (-79.8961990874888 43.63356570313611)
2586,POINT (-79.88348015844814 43.62681171389718)
2600,POINT (-79.35489981160707 44.14440411210582)
2601,POINT (-79.24094113790585 43.84865289135664)
2604,POINT (-79.54094752950388 43.83846129603521)
2609,POINT (-79.40890296721462 43.93571411130871)
2611,POINT (-79.73749784121813 43.55053351229511)
2612,POINT (-79.74508411968719 43.54444348827079)
2613,POINT (-79.76123796994837 43.71923811516936)
2621,POINT (-79.44746147419612 43.70947564407757)
2623,POINT (-79.52908837498136 43.84564257982808)
2626,POINT (-79.54544258394642 43.861565722142)
2627,POINT (-79.5436029337596 43.85217897979816)
2639,POINT (-79.75837764010417 43.44241690190806)
2641,POINT (-79.46104178331443 43.70688726056122)
2642,POINT (-79.49688616135435 43.70761922596314)
2643,POINT (-79.49902122292333 43.71477152032278)
2644,POINT (-79.43966551899216 43.72904897140528)
2645,POINT (-79.5039119964234 43.73108830937956)
2646,POINT (-79.50341313076827 43.73763588931372)
2647,POINT (-79.84809373968129 43.49660770800097)
2649,POINT (-79.83885340625967 43.49883132839278)
2651,POINT (-79.91712315280169 43.6405944538336)
2654,POINT (-79.83550659013656 43.51342848743306)
2656,POINT (-79.85095306111344 43.52806529139678)
2657,POINT (-79.90125209089041 43.64373387224499)
2658,POINT (-79.86460180131297 43.48168098101605)
2664,POINT (-79.41422358294446 43.78336872993594)
2667,POINT (-79.84857178967431 43.67994006299643)
2668,POINT (-79.76646970619146 43.43545021139161)
2669,POINT (-79.754180824271 43.43201151808721)
2670,POINT (-79.6951457950637 43.49775169928379)
2671,POINT (-79.6984254697786 43.48890115138906)
2672,POINT (-79.83099886048817 43.52341000128702)
2673,POINT (-79.84187166873384 43.51861566902145)
2732,POINT (-79.74075901346508 43.75527265964242)
2759,POINT (-79.84551010366258 43.52472410315039)
2760,POINT (-79.88720078052995 43.49668819815806)
2761,POINT (-79.73071711119744 43.7831323685496)
2765,POINT (-79.7487993086381 43.75995795223479)
2805,POINT (-79.00405039808845 43.84570355797682)
2808,POINT (-78.99952115427101 43.86280917066973)
2809,POINT (-79.35189524598022 43.6861409734087)
2817,POINT (-79.30816823821182 43.73085995196724)
2818,POINT (-79.31905272275075 43.73462742139256)
2823,POINT (-79.32589003568962 43.75653202784596)
2824,POINT (-79.32933790160355 43.74667239642655)
2825,POINT (-79.36644507143441 43.76031398661748)
2826,POINT (-79.37329562739507 43.75390380113762)
2827,POINT (-79.42601258588581 43.73455514503176)
2828,POINT (-79.42312947777884 43.72531703648403)
2841,POINT (-79.34308214122944 43.66287237759889)
2846,POINT (-79.24972650418604 43.70190197567139)
2860,POINT (-79.37447234890845 43.67066880084872)
2870,POINT (-79.48132094339697 43.64248324189055)
2871,POINT (-79.44113033385081 43.66084455565504)
2872,POINT (-79.37251404325855 43.66947670696376)
2874,POINT (-79.33779676649847 43.66514156316975)
2875,POINT (-79.3810991295132 43.66948044760563)
2880,POINT (-79.37917061522218 43.66488286441361)
2886,POINT (-79.78424682898856 44.13300652613977)
2889,POINT (-79.39335346134932 43.70435853782866)
2890,POINT (-79.49255084082479 43.67661523927254)
2891,POINT (-79.48588492785021 43.68058878462124)
2892,POINT (-79.44549179354478 43.69863972327715)
2893,POINT (-79.44555870284128 43.70250578756858)
2894,POINT (-79.51016030052294 43.69819633543817)
2895,POINT (-79.52583751699089 43.70405321103037)
2896,POINT (-79.34386751123215 43.68678282755612)
2897,POINT (-79.34673479166668 43.69433760080047)
2899,POINT (-79.35707857460099 43.69004063853244)
2900,POINT (-79.29407452957867 43.69812450630199)
2901,POINT (-79.29996404003387 43.70519064954605)
2902,POINT (-79.57781423751362 43.63601533038751)
2903,POINT (-79.56628805930666 43.64050021091284)
2904,POINT (-79.55415510047033 43.64257211475763)
2905,POINT (-79.55816087619057 43.65143532548248)
2907,POINT (-79.18573082149571 43.82903012750716)
2910,POINT (-79.51587847396608 43.66974892967559)
2911,POINT (-79.5171866677986 43.68051889804349)
2912,POINT (-79.57915112587645 43.66781402264504)
2913,POINT (-79.57536715819698 43.65732440198988)
2914,POINT (-79.57110041853171 43.64876850415659)
2938,POINT (-79.64021594767709 43.71509729457421)
2958,POINT (-79.32595223448936 43.72060882344931)
2963,POINT (-79.33350836410089 43.69073427559549)
2966,POINT (-79.33324421085257 43.68706738325816)
2967,POINT (-79.37023492041899 43.7044393934436)
2968,POINT (-79.25919776636943 43.74689934899747)
2969,POINT (-79.3626163483021 43.71651366805076)
2970,POINT (-79.23536418732834 43.74488178780324)
2971,POINT (-79.21861904684863 43.75509965466338)
2972,POINT (-79.20843852838284 43.7585093923756)
2973,POINT (-79.1862948294344 43.75953163046908)
2974,POINT (-79.18006403068509 43.76634048151651)
2997,POINT (-79.23640444249918 43.82576337996198)
3009,POINT (-79.71818757082372 43.57947441784179)
3010,POINT (-79.73993233785487 43.7154208996249)
3011,POINT (-79.74608187348591 43.73702600721568)
3012,POINT (-79.73907183811549 43.73223700946165)
3019,POINT (-79.44861675952167 43.75553824239712)
3020,POINT (-79.44685454216426 43.74937854857711)
3021,POINT (-79.33208938345788 43.77964606028151)
3022,POINT (-79.3364532512195 43.78897508264356)
3023,POINT (-79.34766286658724 43.79062112227071)
3024,POINT (-79.36072919368135 43.78820478627291)
3025,POINT (-79.22516168747376 43.83283239536744)
3034,POINT (-79.20287623927638 43.818742016074)
3039,POINT (-79.64347006008425 43.72684014309922)
3040,POINT (-79.7266551113261 43.72424161566843)
3041,POINT (-79.73559103615813 43.74679941973746)
3042,POINT (-79.7285934301913 43.7415560586152)
3043,POINT (-79.7213732585731 43.73680376857071)
3044,POINT (-79.71552360633794 43.73146156582919)
3045,POINT (-79.71976255483179 43.71773668140474)
3046,POINT (-79.71414272120793 43.71301666235009)
3049,POINT (-79.43472007789917 43.7695495088841)
3050,POINT (-79.52139659725398 43.7518133114441)
3051,POINT (-79.38229832079939 43.66424943460059)
3052,POINT (-79.44885476926801 43.78775699582504)
3053,POINT (-79.44214261839458 43.78699443964095)
3061,POINT (-79.43008237506589 43.79346185716759)
3062,POINT (-79.38522731873356 43.79027191012992)
3063,POINT (-79.38530039395583 43.80081704419825)
3064,POINT (-79.39198118476064 43.70032460712209)
3065,POINT (-79.63437314480595 43.73036148009803)
3066,POINT (-79.65306381167423 43.71610824299904)
3067,POINT (-79.64890888772268 43.72180989863905)
3068,POINT (-79.5906443898571 43.54625780141033)
3069,POINT (-79.57818720341147 43.55821997604662)
3070,POINT (-79.73664318814406 43.59704187918656)
3082,POINT (-79.20407102092882 43.74500677220699)
3083,POINT (-79.39161253817525 43.69884305264424)
3084,POINT (-79.37397835160309 43.71436944806219)
3085,POINT (-79.27739050595859 43.69469093263112)
3086,POINT (-79.26718216714183 43.72334730904459)
3087,POINT (-79.27317454969661 43.72836733599132)
3091,POINT (-79.19463693121641 43.76260648649003)
3101,POINT (-79.05730858755646 43.86976436436093)
3157,POINT (-79.48186095679765 43.61708329927791)
3188,POINT (-79.06893070322782 43.86677199535701)
3190,POINT (-79.05394869423624 43.84995165545092)
3212,POINT (-79.06400770558294 43.85843480099742)
3213,POINT (-79.59018493056574 43.65135458773865)
3214,POINT (-79.54690972727221 43.68294197276524)
3215,POINT (-79.55077761331061 43.69150573543367)
3216,POINT (-79.53462556212865 43.68658787454486)
3217,POINT (-79.5225265391598 43.68770580855469)
3224,POINT (-79.57271577395574 43.73954835836317)
3225,POINT (-79.55740939229112 43.7370393436252)
3234,POINT (-79.0444093662273 43.86030673754941)
3235,POINT (-79.55328465607742 43.69699554151309)
3236,POINT (-79.55729203214777 43.70040691084236)
3237,POINT (-79.38420285717433 43.66878871185656)
3238,POINT (-79.58535966222823 43.73519053817621)
3266,POINT (-79.4125564073057 43.63393907553284)
3278,POINT (-79.54638193646235 43.65440622574982)
3282,POINT (-79.47943158534581 43.6261458907289)
3300,POINT (-79.46749617328291 43.65883135255287)
3303,POINT (-79.46407679818088 43.65958714298974)
3309,POINT (-79.46376769828066 43.64555614371935)
3312,POINT (-79.47415925101978 43.64575342689676)
3313,POINT (-79.51527286056255 43.6140639507431)
3362,POINT (-79.37598361255149 43.81518135168356)
3363,POINT (-79.39197738038251 43.80987669721097)
3394,POINT (-79.54219344361472 43.64531230473884)
3406,POINT (-79.80247184432119 44.16028572793901)
3409,POINT (-79.08898024300441 43.85690526264668)
3454,POINT (-79.42421323175651 43.84914156921101)
3455,POINT (-79.41662065889145 43.8529598694624)
3456,POINT (-79.41466703737687 43.81249245427757)
3457,POINT (-79.41076149059073 43.83307788855202)
3458,POINT (-79.39688301961925 43.82918110658993)
3462,POINT (-79.08748422379006 43.87144412512407)
3463,POINT (-79.36474355370608 43.70725554483116)
3477,POINT (-79.32773187967685 43.76509186591109)
3484,POINT (-79.47725295166549 43.72594713504738)
3485,POINT (-79.43544753527765 43.66797355947664)
3486,POINT (-79.43353473795922 43.66346208469606)
3487,POINT (-79.44251635126841 43.66719959081558)
3488,POINT (-79.28406084653622 43.78760715920438)
3493,POINT (-79.21492978679682 43.78715231780508)
3494,POINT (-79.40769476806692 43.72042897140555)
3495,POINT (-79.20611872168668 43.77614933527156)
3496,POINT (-79.21220670278798 43.76683940993072)
3497,POINT (-79.23578021913394 43.77153606530313)
3498,POINT (-79.24479686394621 43.76765637464704)
3501,POINT (-79.28269771005084 43.77040604178631)
3502,POINT (-79.27654314838952 43.75942420506409)
3503,POINT (-79.2822243342589 43.75299766814673)
3504,POINT (-79.31335801529862 43.77306478119569)
3505,POINT (-79.30108039581849 43.77576504199008)
3506,POINT (-79.29125087387162 43.77802334467919)
3507,POINT (-79.30910967045865 43.79291467428406)
3508,POINT (-79.31834356203299 43.78969215090497)
3509,POINT (-79.40611600568097 43.71477925504484)
3511,POINT (-79.27410452951578 43.7880309019066)
3512,POINT (-79.27988737497989 43.80128831842428)
3513,POINT (-79.44197992859712 43.72047290681317)
3514,POINT (-79.2619746687069 43.78587756462055)
3515,POINT (-79.21978407341471 43.79446001727219)
3516,POINT (-79.26763883575329 43.88627542404976)
3517,POINT (-79.43486844882442 43.7223819276659)
3518,POINT (-79.42548746220308 43.77265271215841)
3519,POINT (-79.62418351887315 43.50137415802087)
3524,POINT (-79.57941766627029 43.78065932525728)
3533,POINT (-79.45100242051858 43.87210559421127)
3534,POINT (-79.45296861115179 43.8813237769006)
3535,POINT (-79.47775059065154 44.00225611692708)
3536,POINT (-79.46215922338182 44.04516105983486)
3539,POINT (-79.48963735644499 44.08903836640814)
3540,POINT (-79.56980603169316 43.56600590210779)
3542,POINT (-79.06310035524531 43.82505462477775)
3543,POINT (-79.10176737150442 43.81758023947521)
3544,POINT (-79.11445293379549 43.80584230631263)
3545,POINT (-79.10880560241013 43.84051136801544)
3546,POINT (-79.44334976630917 43.66455179034099)
3549,POINT (-79.5718087340794 43.58146929220218)
3550,POINT (-79.54886761919448 43.71654979466676)
3551,POINT (-79.54909888682876 43.7263889111264)
3554,POINT (-79.34732129357961 43.72709741190269)
3555,POINT (-79.3179447558082 43.74464470596919)
3563,POINT (-79.77304705520662 43.59666639583003)
3564,POINT (-79.76237053593881 43.59000759575819)
3568,POINT (-79.01252187246116 43.84206341249715)
3569,POINT (-79.00921665113235 43.83532572898543)
3576,POINT (-79.31997184783461 43.75071541521481)
3577,POINT (-79.32494393020339 43.76060535637659)
3578,POINT (-79.00771390845667 43.8268161694906)
3579,POINT (-79.02071938206564 43.83132493061404)
3582,POINT (-79.41634338831948 43.63857920589219)
3584,POINT (-79.7203010786331 43.68280219436686)
3585,POINT (-79.73371569777898 43.67426978509589)
3586,POINT (-79.74855691361711 43.68982993686296)
3587,POINT (-79.74294810348437 43.68113706727299)
3588,POINT (-79.47947116863615 43.73080200519986)
3589,POINT (-79.49439626897502 43.72189390113405)
3590,POINT (-79.76798317979957 43.70066169013633)
3591,POINT (-79.75794283795658 43.69599257087076)
3592,POINT (-79.75741246221875 43.70974813951761)
3593,POINT (-79.74856182508761 43.70421160824741)
3594,POINT (-79.76980420599698 43.85596862909583)
3595,POINT (-79.72716330092456 43.86310797391368)
3596,POINT (-79.08922771735644 43.82180763040103)
3601,POINT (-79.60897653135041 43.52487411630354)
3602,POINT (-79.64706933162279 43.50574630398233)
3603,POINT (-79.64202493561737 43.51296792850389)
3604,POINT (-79.62817723718327 43.53221094070113)
3605,POINT (-79.61077219605239 43.54365578549272)
3609,POINT (-79.5974767328071 43.77544438562133)
3610,POINT (-79.44362846780596 43.84123507412765)
3611,POINT (-79.41909398300666 43.77268773359628)
3625,POINT (-79.55466706776058 43.57644208503049)
3628,POINT (-79.44260447285177 43.64845975622572)
3629,POINT (-79.44009905083038 43.64346522032738)
3631,POINT (-79.70839017575902 43.45767115503067)
3633,POINT (-79.56105983332536 43.59250867997802)
3634,POINT (-79.60158119432973 43.57294881061489)
3635,POINT (-79.59336340192348 43.58031045638287)
3636,POINT (-79.63441346925775 43.55461489494227)
3637,POINT (-79.61782132680146 43.57265369740156)
3638,POINT (-79.46792310124819 44.05259249320785)
3639,POINT (-79.45235218239104 44.06640969010256)
3640,POINT (-79.47186080861628 44.06079692130103)
3641,POINT (-79.43730596628507 44.13850322088677)
3653,POINT (-79.61100053822821 43.59497479173262)
3654,POINT (-79.61394428913131 43.58626913411343)
3655,POINT (-79.59474265717778 43.60626946072534)
3656,POINT (-79.59256670588756 43.61163696417711)
3657,POINT (-79.58870525513878 43.61793205941958)
3665,POINT (-79.60849833616643 43.5686880262425)
3666,POINT (-79.7567331459371 43.57377268953618)
3670,POINT (-79.75398782254801 43.58646964219388)
3671,POINT (-79.74780178654454 43.57606270489678)
3672,POINT (-79.74277276243097 43.58092335100309)
3673,POINT (-79.48722909093158 43.72997699204748)
3674,POINT (-79.68968274159948 43.53882748597778)
3675,POINT (-79.67959093262817 43.53345741802221)
3676,POINT (-79.64721676834756 43.568327100928)
3677,POINT (-79.64007126931949 43.57866629713364)
3678,POINT (-79.63076983252358 43.5923654335339)
3679,POINT (-79.61805655743798 43.60185730501131)
3680,POINT (-79.62150314587169 43.58941744409407)
3682,POINT (-79.57876183917647 43.6203385037512)
3683,POINT (-79.59531159880513 43.62258713971865)
3684,POINT (-79.58893642591254 43.62931429188785)
3685,POINT (-79.64842096966086 43.59053029098845)
3686,POINT (-79.604813562541 43.6298806884933)
3687,POINT (-79.64437111407285 43.70702283024846)
3693,POINT (-79.54793442034432 43.62261232395682)
3701,POINT (-79.48954187352722 43.60750419390496)
3704,POINT (-79.54658260323298 43.63627227358602)
3739,POINT (-79.35711422802255 44.31713690828101)
3776,POINT (-79.78759563924363 43.7187112347839)
3807,POINT (-79.21585573350934 44.18182882895898)
3809,POINT (-79.28019579581988 44.02041659893897)
3810,POINT (-79.34991208886245 44.01770335708107)
3812,POINT (-79.47222045538817 43.99171190778971)
3813,POINT (-79.74932702558287 43.4023613251392)
3816,POINT (-79.44786261098896 44.05789869047141)
3817,POINT (-79.46892251112965 44.03461630748055)
3818,POINT (-79.43503410979737 44.07348149086607)
3820,POINT (-79.5240015166969 43.93169781235857)
3821,POINT (-79.5413569004085 44.02333555393868)
3822,POINT (-79.64950600453069 43.90371118838885)
3823,POINT (-79.66103010987409 43.95865521673845)
3829,POINT (-79.27281300206171 43.87412204553387)
3839,POINT (-80.09370955336773 43.9144793245517)
3849,POINT (-79.47442437396151 43.96928765370692)
3851,POINT (-79.26989274086576 43.86285686905371)
3852,POINT (-79.24063731346392 43.88513603693337)
3853,POINT (-79.55615731981679 43.78063000926876)
3862,POINT (-79.52117165418822 43.76609222999707)
3863,POINT (-79.51625441869653 43.7691213024319)
3864,POINT (-79.45759914790582 43.78469551965688)
3881,POINT (-79.34121968498168 43.83474070358542)
3882,POINT (-79.32812291740923 43.86351495341612)
3883,POINT (-79.31302483420804 43.86723544757176)
3884,POINT (-79.32408203410208 43.87381418928721)
3885,POINT (-79.4197228775022 43.82885973239019)
3888,POINT (-79.45700995078786 43.79208125404156)
3889,POINT (-79.43593158970437 43.80972231471129)
3890,POINT (-79.45330045047115 43.79860066817573)
3891,POINT (-79.4795334622132 43.7925096757317)
3906,POINT (-79.39109313473517 43.75382922838758)
3907,POINT (-79.40158459862184 43.75154984597622)
3912,POINT (-79.31389183246147 44.36751142476881)
3913,POINT (-79.27321181019683 44.38307758482431)
3915,POINT (-79.49517590131283 44.14880134703919)
3928,POINT (-79.49864976102369 43.72604429686636)
3929,POINT (-79.3378722461658 43.79746599494918)
3930,POINT (-79.45116262432838 43.76357872734285)
3931,POINT (-79.25228694693057 43.88091364134912)
3932,POINT (-79.32138127370835 43.82582021990033)
3942,POINT (-79.62050811232886 44.12047371678834)
3948,POINT (-79.29707169682703 43.81351133834992)
3949,POINT (-79.32998689223751 43.80812704469385)
3950,POINT (-79.28431801989674 43.80936542905508)
3966,POINT (-79.46298188947064 43.77046725552754)
3967,POINT (-79.51450440729302 43.75241128624936)
3968,POINT (-79.54523217534481 43.74951333314161)
3969,POINT (-79.55452793417889 43.74518747765536)
3970,POINT (-79.5506086470624 43.76046868415663)
3972,POINT (-79.39140157009811 43.82056041400855)
3973,POINT (-79.15667616372467 43.7812815859606)
3991,POINT (-79.43244557832155 43.63553799654429)
3992,POINT (-79.4252659919384 43.6368401180283)
4000,POINT (-79.23293703342081 43.81073674084528)
4001,POINT (-79.26458693274756 43.81369684505839)
4003,POINT (-79.24771761168108 43.79074770998282)
4004,POINT (-79.23333870693089 43.80033865978571)
4005,POINT (-79.20689420142219 43.8056932663003)
4016,POINT (-79.40012181393944 43.67038519657598)
4017,POINT (-79.40171563252692 43.67489066943369)
4018,POINT (-79.40886763953864 43.72625685216421)
4019,POINT (-79.41027992879735 43.73164487069122)
4020,POINT (-79.30964465286607 43.69106291175303)
4042,POINT (-79.74881653172937 44.01949098804664)
4105,POINT (-79.3126219742186 43.69676960724524)
4106,POINT (-79.53940297109952 43.59055213806869)
4107,POINT (-79.52678905091845 43.59442968753392)
4129,POINT (-79.63595635141054 43.60127185108206)
4130,POINT (-79.59570423571937 43.63747533812603)
4131,POINT (-79.75652176566983 43.67345728327425)
4134,POINT (-79.77670306576584 43.70724295197412)
4135,POINT (-79.79792867150678 43.74031407272144)
4137,POINT (-79.72310034554125 43.38399978485571)
4190,POINT (-80.03395688182087 43.53262635243375)
4191,POINT (-79.89225077523982 43.58705709407896)
4193,POINT (-79.88507886907665 43.64519636663478)
4195,POINT (-80.0324832302027 43.62935971774758)
4196,POINT (-80.04616547557913 43.64566366410605)
4213,POINT (-79.71512431346923 43.44784704810566)
4216,POINT (-79.70759838615801 43.48427382143515)
4217,POINT (-79.68060221833298 43.50900664783433)
4219,POINT (-79.61974603183576 43.56414680534767)
4220,POINT (-79.66714520103321 43.52074338879248)
4221,POINT (-79.66025942539952 43.52844916337208)
4223,POINT (-79.68410875741679 43.55548895897694)
4235,POINT (-79.86418956274805 43.51730673748754)
4236,POINT (-79.87467298139239 43.5060805808633)
4237,POINT (-79.88553701790281 43.51695379394326)
4238,POINT (-79.87763785222812 43.52725509621678)
4254,POINT (-79.16908046778948 44.0478571031683)
4263,POINT (-79.82099488630686 44.01941203479512)
4264,POINT (-79.64332790582455 43.48229965099345)
4265,POINT (-79.66432361001995 43.49071595298116)
4266,POINT (-79.74192252853871 43.42381345648588)
4281,POINT (-79.1440276820264 43.78392135987377)
4282,POINT (-79.15713225647019 43.8039786168892)
4283,POINT (-79.16656312199059 43.79339164925665)
4284,POINT (-79.18380836346309 43.789254132707)
4285,POINT (-79.30894999165663 43.81577187895039)
4319,POINT (-79.90044689193412 43.53635029250926)
4469,POINT (-79.19603985359632 44.29474328731016)
4478,POINT (-79.89480158594159 43.6548356053631)
4479,POINT (-79.92934699548013 43.64748592934834)
4480,POINT (-79.93309074606175 43.6556820722792)
4481,POINT (-79.9771553145021 43.64988087345192)
4490,POINT (-79.3367584395282 44.26340291085544)
4491,POINT (-79.48286141534012 44.20056123069005)
4493,POINT (-79.43169470597101 44.35887969627474)
4507,POINT (-79.5958217004827 43.82796727229351)
4508,POINT (-79.57135535347072 43.83810224460185)
4509,POINT (-79.55295821087269 43.83669122971188)
4620,POINT (-79.31966921859953 43.81135015096044)
4621,POINT (-79.31768969450084 43.81473245581267)
4622,POINT (-79.2176035979063 43.81418069091567)
4623,POINT (-79.20881419251781 43.81181820045709)
4624,POINT (-79.13997530964404 43.79648387263444)
4656,POINT (-79.29481207874535 43.8308655783854)
4657,POINT (-79.3426707343112 43.86301868981776)
4658,POINT (-79.36103887236048 43.85872344863182)
4659,POINT (-79.27107010969189 43.8491242879948)
4685,POINT (-79.65038040715396 43.6033828778413)
4694,POINT (-79.33229851234488 43.81503579930262)
4695,POINT (-79.61200880352 43.74992965438174)
4696,POINT (-79.41990716903423 43.8645331252841)
4719,POINT (-79.17828153873562 43.80282191340662)
4720,POINT (-79.31348140922083 43.80232575503345)
4721,POINT (-79.50575542179989 43.84626096417848)
4722,POINT (-79.61583462494758 43.74075389861613)
4723,POINT (-79.57000918787793 43.7996429032128)
4724,POINT (-79.60979143740829 43.7888186002105)
4725,POINT (-79.28594313727329 43.84333475099192)
4729,POINT (-79.27887998827615 43.88162590379176)
4739,POINT (-79.22280428517203 43.80313089224246)
4740,POINT (-79.21436525695077 43.80401956117683)
4741,POINT (-79.62619016226182 43.59594530421201)
4742,POINT (-79.66844299057105 43.5479520268233)
4743,POINT (-79.68305797565058 43.57218470875818)
4744,POINT (-79.67261587343353 43.5834063043929)
4745,POINT (-79.78008880523991 43.69683896331833)
4746,POINT (-79.73420981037506 43.7249502240718)
4747,POINT (-79.70457867061376 43.72224726980927)
4748,POINT (-79.70863143389239 43.72726848776526)
4749,POINT (-79.95615563800129 43.880941770747)
4750,POINT (-80.02958064796695 43.83231406024183)
4751,POINT (-79.77893853363885 43.72634938083119)
4752,POINT (-79.79795469423014 43.70899216176674)
4753,POINT (-79.11741609190702 43.83546068040012)
4754,POINT (-79.03421022243066 43.8278608506155)
4755,POINT (-79.4158297058521 43.68556932515583)
4756,POINT (-79.42771550944906 43.69026291762668)
4757,POINT (-79.46477855824523 43.7964633664991)
4758,POINT (-79.48579565841041 44.01040002501032)
4765,POINT (-79.27432031137529 43.81138075160963)
4766,POINT (-79.43940590304418 43.82279082038905)
4767,POINT (-79.6132148196202 43.62248243629765)
4768,POINT (-79.62096283924141 43.61513699976787)
4769,POINT (-79.62810158509814 43.60867913899876)
4770,POINT (-79.66107386790942 43.57960900484461)
4771,POINT (-79.67182505448538 43.56894698771026)
4772,POINT (-80.11283792710668 43.90168673367354)
4814,POINT (-79.65837174422471 43.59594170186023)
4857,POINT (-80.06077551833131 44.019529040153)
4901,POINT (-80.12456147301113 43.90800405258987)
4985,POINT (-79.45393422426041 43.86192475731936)
4986,POINT (-79.4656658902305 43.80376446730227)
4987,POINT (-79.47759303609463 43.80083950952467)
4988,POINT (-79.38719891468403 43.8510282487006)
4989,POINT (-79.4000684039532 43.85509431058151)
4990,POINT (-79.43131301635974 43.86797565973259)
4991,POINT (-79.43023475385341 43.85959565012605)
5006,POINT (-79.86229414870712 44.14725487511675)
5011,POINT (-79.29879737932197 43.87720535070859)
5012,POINT (-79.29409770671418 43.86842395467377)
5013,POINT (-79.35286581670915 43.87974146405512)
5014,POINT (-79.43241007242052 43.79807958843769)
5018,POINT (-79.63522498757777 43.54405562583288)
5035,POINT (-79.65268196967337 43.53358094787058)
5036,POINT (-79.69382149622709 43.5487418941367)
5037,POINT (-79.70137096213728 43.54336632243182)
5038,POINT (-79.77560313019404 43.58745513036826)
5039,POINT (-79.77397697566836 43.57183215542995)
5040,POINT (-79.76779470346779 43.56445687801668)
5041,POINT (-79.75910115029303 43.56225515279317)
5042,POINT (-79.69609247253776 43.46168754672775)
5047,POINT (-79.43436184714564 44.05381183917416)
5048,POINT (-79.45907194064522 44.24084380386734)
5053,POINT (-79.73460573774501 43.46158232146528)
5054,POINT (-79.72576482871699 43.46946489412572)
5055,POINT (-80.0893340384298 43.92466161400355)
5056,POINT (-80.12059806260211 43.92284602688809)
5057,POINT (-79.72897698634929 43.44019457053912)
5058,POINT (-79.72539620283727 43.43379832591416)
5059,POINT (-79.68844131241757 43.47382969545255)
5060,POINT (-79.67953791278759 43.48280068578313)
5104,POINT (-79.69746378747371 43.46992979003649)
5107,POINT (-79.13194846344457 43.81456278210647)
5108,POINT (-79.14898761700768 43.82651538824501)
5109,POINT (-79.13307928389419 43.82807347444718)
5110,POINT (-79.12843261788082 43.83632210610312)
5114,POINT (-79.42927641678173 43.80468030857222)
5116,POINT (-79.70857555509023 43.58931292316705)
5117,POINT (-79.69594370238632 43.57963339782504)
5118,POINT (-79.68790362982895 43.58420592982191)
5119,POINT (-79.68303384181679 43.58932639812713)
5120,POINT (-79.6836609892711 43.60734040412972)
5121,POINT (-79.67151639608669 43.59769654488377)
5122,POINT (-79.7173924662774 43.66335493304504)
5123,POINT (-79.73351810121086 43.65813586681013)
5124,POINT (-79.724994039721 43.65124789914598)
5145,POINT (-79.45922359803798 44.22005486732006)
5153,POINT (-79.73530762456788 43.89227128079131)
5154,POINT (-79.71458459081732 43.53276041932985)
5155,POINT (-79.70203647961389 43.52164896489653)
5156,POINT (-79.69285006338853 43.52360709762899)
5157,POINT (-79.73620261578867 43.56763015337819)
5163,POINT (-79.80691299689586 43.73313622292873)
5175,POINT (-79.73042268139635 43.57203349649046)
5178,POINT (-79.62904491235197 43.58439403806603)
5182,POINT (-79.44126479935227 43.80129840086599)
5183,POINT (-79.45333636848005 43.80904438241572)
5184,POINT (-79.4648169954343 43.81730726163028)
5185,POINT (-79.61784188167344 43.78302672576848)
5186,POINT (-79.63940714473478 43.79082219547858)
5187,POINT (-79.38762147962751 43.87290349335549)
5188,POINT (-79.4041818084408 43.86698086836911)
5189,POINT (-79.42640223039152 43.89997131286366)
5190,POINT (-79.4369060584778 43.9015230698262)
5191,POINT (-79.48215606843395 43.98545035599076)
5196,POINT (-78.98798123869 43.84316400390703)
5197,POINT (-79.03432856504384 43.86587596783059)
5198,POINT (-79.09986071257602 43.85231713982446)
5199,POINT (-79.12446163406412 44.12180710401467)
5200,POINT (-79.11142408751228 44.09222794738903)
5201,POINT (-79.43910371776919 43.85536464565442)
5202,POINT (-79.45186498398293 43.85303962114948)
5203,POINT (-79.4411829193526 43.86464191508284)
5213,POINT (-79.48907736954037 44.23002550104936)
5214,POINT (-79.05296729391598 43.86171124929974)
5283,POINT (-79.55762981631032 44.10595501243886)
5284,POINT (-79.5848535857283 44.10329299051994)
5285,POINT (-79.86310574046087 44.16376900716055)
5300,POINT (-79.09717755534942 43.84138255577206)
5301,POINT (-79.08421603519977 43.84465708675568)
5311,POINT (-79.34043306023011 43.70725996062695)
5312,POINT (-79.34517401361552 43.7047206549446)
5313,POINT (-79.32926365039243 43.71590544872146)
5314,POINT (-79.5908006279124 43.70205577477483)
5353,POINT (-79.38725356942571 43.66790718519308)
5354,POINT (-79.38925306939647 43.66433580316184)
5355,POINT (-79.29118067199937 43.82445137242709)
5356,POINT (-79.28825186727082 43.81785862415177)
5357,POINT (-79.43470196032153 43.6434735791636)
5358,POINT (-79.46606562189378 43.65537544983567)
5359,POINT (-79.46262052866574 43.65612681269143)
5360,POINT (-79.39547367919106 43.71167585189593)
5361,POINT (-79.39468469602883 43.70894253979884)
5362,POINT (-79.59102737194303 43.74946608218432)
5365,POINT (-79.58498881194296 43.75882291077495)
5385,POINT (-79.35286593341114 43.70879017962817)
5400,POINT (-79.25876723334025 43.82356384577734)
5401,POINT (-79.27624985633268 43.82448133055874)
5402,POINT (-79.27859495456723 43.81970012394554)
5403,POINT (-79.28117233614633 43.82699657923948)
5404,POINT (-79.34109096576852 43.70150934400314)
5405,POINT (-79.45176721173516 43.77803792813059)
5406,POINT (-79.45278174424435 43.77381491317241)
5407,POINT (-79.28422807756381 43.70076316258896)
5408,POINT (-79.2797942071587 43.69855012386969)
5410,POINT (-79.71196725828497 43.39719092184897)
5439,POINT (-79.57926071232744 43.74848372118449)
5463,POINT (-79.12954255937763 43.79291841126268)
5464,POINT (-79.49866267600768 43.7627311409776)
5465,POINT (-79.346306635421 43.76503034526468)
5466,POINT (-79.33923558498537 43.75327323054099)
5467,POINT (-79.25387267625554 43.73135080433101)
5468,POINT (-79.25128986778233 43.72586720115818)
5480,POINT (-79.48647471828642 43.76921063022518)
5481,POINT (-79.27383530718785 43.82489732479524)
5518,POINT (-79.86598221780268 43.91711432375403)
5526,POINT (-79.70482889401598 43.40407342145498)
5536,POINT (-79.67723700971322 43.6150615955783)
5537,POINT (-79.65219086514084 43.61404930484245)
5538,POINT (-79.66070301198468 43.60913376297101)
5539,POINT (-79.74382733709798 43.65067612726188)
5540,POINT (-79.7806348675732 43.6744519193019)
5547,POINT (-79.50376196888571 43.7446271669756)
5548,POINT (-79.7790036056344 43.74391149780725)
5549,POINT (-79.74631908012347 43.66257523632273)
5550,POINT (-79.74102948579919 43.66739328176777)
5554,POINT (-79.79542670330264 43.95298714227917)
5555,POINT (-79.7578270996615 43.65981573499015)
5556,POINT (-79.75190703345872 43.65357529245129)
5571,POINT (-79.33616850045362 43.73040253953364)
5572,POINT (-79.5152103807645 43.76086905594607)
5573,POINT (-79.51189406551465 43.76359610140683)
5574,POINT (-79.40702778888659 43.79789378031441)
5575,POINT (-79.40649311893773 43.79232270244866)
5576,POINT (-79.36084158731366 43.80651548553159)
5577,POINT (-79.35283105533952 43.80990988460017)
5578,POINT (-79.21503998639558 43.74698809357763)
5592,POINT (-79.32693923209854 43.72934170681652)
5593,POINT (-79.37961686905638 43.77873877116626)
5594,POINT (-79.39826571405888 43.7790175768814)
5595,POINT (-79.3953842227275 43.77005626289627)
5596,POINT (-79.51115009723263 43.7439206267189)
5604,POINT (-79.58826111642523 43.74358853843332)
5605,POINT (-79.30689706932306 43.68650878126153)
5606,POINT (-79.2968574594809 43.68929782021177)
5607,POINT (-79.34072896221761 43.67497604660626)
5608,POINT (-79.33486688758384 43.67705310061402)
5609,POINT (-79.21214766946748 43.73811283562772)
5610,POINT (-79.27478803111252 43.73623487713818)
5611,POINT (-79.26786451661052 43.73869525790343)
5615,POINT (-79.58171982202697 43.72094279336663)
5616,POINT (-79.61067783678162 43.72982367864694)
5617,POINT (-79.59505599447047 43.73027196759562)
5618,POINT (-79.49816317673307 43.69824698123011)
5619,POINT (-79.49140681998364 43.69999079260494)
5637,POINT (-79.2623815458187 43.7383168947489)
5638,POINT (-79.25497470853047 43.73883932133003)
5639,POINT (-79.24283251792346 43.73656229886305)
5640,POINT (-79.20501510426023 43.79058917233714)
5641,POINT (-79.19796240349001 43.78897133281085)
5642,POINT (-79.33087863949881 43.79828125195522)
5643,POINT (-79.32330232202685 43.79996983607776)
5694,POINT (-79.52594485815159 43.86865305082628)
5695,POINT (-79.52346074318991 43.86245516760655)
5705,POINT (-79.47042483672691 43.68528211630544)
5706,POINT (-79.46537888691677 43.68654742655952)
5707,POINT (-79.53155288084582 43.64852579336591)
5708,POINT (-79.52862196900604 43.64532175072881)
5709,POINT (-79.33393974441086 43.71544238953134)
5714,POINT (-79.34386700170612 43.77232931708381)
5715,POINT (-79.3328413817038 43.77141821150048)
